Country,Year,Life expectancy
Albania,2015.0,76.79529123041148
Albania,2014.0,75.95153735110347
Albania,2013.0,76.16520622778914
Albania,2012.0,76.21770182454051
Albania,2011.0,75.93387378581725
Albania,2010.0,76.14117405321045
Algeria,2015.0,75.49697924711374
Algeria,2014.0,74.55189160035248
Algeria,2013.0,74.36622204118714
Algeria,2012.0,74.25240652154089
Algeria,2011.0,73.98734863075893
Algeria,2010.0,73.69268223839248
Bahamas,2015.0,74.22679028281642
Bahamas,2014.0,75.2132245947685
Bahamas,2013.0,73.86193857508799
Bahamas,2012.0,73.93809977380842
Bahamas,2011.0,73.9736786578873
Bahamas,2010.0,73.99687571209014
Bolivia (Plurinational State of),2015.0,72.07393287000795
Bolivia (Plurinational State of),2014.0,71.33204425770768
Bolivia (Plurinational State of),2013.0,71.06786961655936
Bolivia (Plurinational State of),2012.0,71.36446391396066
Bolivia (Plurinational State of),2011.0,70.67678096269024
Bolivia (Plurinational State of),2010.0,69.9123829024125
Bosnia and Herzegovina,2015.0,76.11020004408256
Bosnia and Herzegovina,2014.0,76.11343649354728
Bosnia and Herzegovina,2013.0,75.77436384375099
Bosnia and Herzegovina,2012.0,75.5592472914739
Bosnia and Herzegovina,2011.0,75.60470732119029
Bosnia and Herzegovina,2010.0,75.69008672406932
Colombia,2015.0,73.9857382481122
Colombia,2014.0,73.97409824912684
Colombia,2013.0,73.77575244954265
Colombia,2012.0,73.79064895633107
Colombia,2011.0,73.45480072336221
Colombia,2010.0,74.3901182025199
Croatia,2015.0,77.3991259019497
Croatia,2014.0,77.19541104498128
Croatia,2013.0,77.1842379017452
Croatia,2012.0,77.16537348153082
Croatia,2011.0,76.8042278465213
Croatia,2010.0,76.54923137132441
Denmark,2015.0,82.22064253028717
Denmark,2014.0,82.27820490062066
Denmark,2013.0,82.46884361627626
Denmark,2012.0,82.28944982017578
Denmark,2011.0,80.37730643048044
Denmark,2010.0,79.1515212543992
Ethiopia,2015.0,64.03129347700472
Ethiopia,2014.0,63.44142411319857
Ethiopia,2013.0,61.642211420708634
Ethiopia,2012.0,60.967528087375314
Ethiopia,2011.0,60.35337975197742
Ethiopia,2010.0,59.052096377128976
Gambia,2015.0,61.5917632240051
Gambia,2014.0,61.980250128767004
Gambia,2013.0,62.437888677473204
Gambia,2012.0,61.936785920745905
Gambia,2011.0,60.90258386361452
Gambia,2010.0,60.0420549872186
Georgia,2015.0,74.53614400127258
Georgia,2014.0,74.68147073709905
Georgia,2013.0,74.55058742679276
Georgia,2012.0,74.96497461630885
Georgia,2011.0,74.65905196949976
Georgia,2010.0,73.73121023775971
Ghana,2015.0,64.19212978473219
Ghana,2014.0,63.70538174850916
Ghana,2013.0,62.631614610091994
Ghana,2012.0,62.08944305694305
Ghana,2011.0,62.61381490683231
Ghana,2010.0,61.69719677359677
Guinea,2015.0,59.41266189213363
Guinea,2014.0,59.64901841387275
Guinea,2013.0,58.841801342676334
Guinea,2012.0,56.929948689170594
Guinea,2011.0,55.83700861930346
Guinea,2010.0,55.68757263331263
Guinea-Bissau,2015.0,61.14101143188389
Guinea-Bissau,2014.0,60.667708789098405
Guinea-Bissau,2013.0,60.534878471638095
Guinea-Bissau,2012.0,59.19947036649075
Guinea-Bissau,2011.0,58.29706792171331
Guinea-Bissau,2010.0,57.21525941677981
Haiti,2015.0,70.44286977466976
Haiti,2014.0,62.89268680157992
Haiti,2013.0,62.517690848186895
Haiti,2012.0,63.598876948051945
Haiti,2011.0,63.556358650793634
Haiti,2010.0,52.606
Hungary,2015.0,77.00169373355403
Hungary,2014.0,77.02955484466513
Hungary,2013.0,75.7131790775204
Hungary,2012.0,75.61559624923756
Hungary,2011.0,77.32086912052041
Hungary,2010.0,74.85752881652658
Jamaica,2015.0,75.46390103232088
Jamaica,2014.0,74.12826826133347
Jamaica,2013.0,73.99656517531317
Jamaica,2012.0,73.69278313062203
Jamaica,2011.0,73.84289859467209
Jamaica,2010.0,73.7891189363053
Jordan,2015.0,75.33980349231129
Jordan,2014.0,73.85331323617956
Jordan,2013.0,74.05587652642635
Jordan,2012.0,73.91104692601914
Jordan,2011.0,73.96812874420097
Jordan,2010.0,74.15530298233638
Latvia,2015.0,75.07444830402896
Latvia,2014.0,74.43976630656732
Latvia,2013.0,74.1543131714235
Latvia,2012.0,74.14816335409441
Latvia,2011.0,74.11692049695155
Latvia,2010.0,75.57433229382701
Lebanon,2015.0,75.20494658853556
Lebanon,2014.0,74.65073118739548
Lebanon,2013.0,74.638672699878
Lebanon,2012.0,74.80756247344343
Lebanon,2011.0,74.84422181687778
Lebanon,2010.0,74.64854834136467
Lithuania,2015.0,76.91631886446886
Lithuania,2014.0,75.52347142857143
Lithuania,2013.0,73.72465399698339
Lithuania,2012.0,73.7397128205128
Lithuania,2011.0,76.80874048100401
Lithuania,2010.0,73.05465283797726
Mali,2015.0,59.9417663961504
Mali,2014.0,59.34969661284786
Mali,2013.0,58.606900898562145
Mali,2012.0,59.311748160374876
Mali,2011.0,59.213026520644654
Mali,2010.0,57.685109185997675
Malta,2015.0,82.30352566602997
Malta,2014.0,82.61260100241746
Malta,2013.0,81.1002940764487
Malta,2012.0,80.1413625082389
Malta,2011.0,81.04283914377811
Malta,2010.0,80.63425589484912
Namibia,2015.0,64.76108749535486
Namibia,2014.0,64.4196090053264
Namibia,2013.0,64.05333608983611
Namibia,2012.0,62.051969404186785
Namibia,2011.0,61.03446301428041
Namibia,2010.0,60.583198340548364
Netherlands,2015.0,82.25999403523363
Netherlands,2014.0,82.50295416794921
Netherlands,2013.0,82.29443033439509
Netherlands,2012.0,82.81779438964851
Netherlands,2011.0,83.69516307119434
Netherlands,2010.0,83.16645321030745
Norway,2015.0,84.00649643030327
Norway,2014.0,83.2303915034368
Norway,2013.0,83.7511609061698
Norway,2012.0,83.44028111224841
Norway,2011.0,84.1303421730695
Norway,2010.0,83.07018955488685
Poland,2015.0,78.48423553113552
Poland,2014.0,78.81363344473505
Poland,2013.0,77.92081859349798
Poland,2012.0,75.98667678253119
Poland,2011.0,75.86584521238376
Poland,2010.0,76.30249374051091
Portugal,2015.0,81.6159756965137
Portugal,2014.0,80.08228182784086
Portugal,2013.0,80.33044086782051
Portugal,2012.0,79.49354710109702
Portugal,2011.0,78.9632049223326
Portugal,2010.0,78.69416130920547
Republic of Moldova,2015.0,73.78013048330448
Republic of Moldova,2014.0,73.17101426760857
Republic of Moldova,2013.0,73.21918273578741
Republic of Moldova,2012.0,73.25664647752055
Republic of Moldova,2011.0,71.1974183562198
Republic of Moldova,2010.0,68.04279749373433
Samoa,2015.0,75.20520164618928
Samoa,2014.0,73.66211530604158
Samoa,2013.0,73.04244877328914
Samoa,2012.0,73.13382964196562
Samoa,2011.0,73.52106945761669
Samoa,2010.0,73.14271288020176
Sierra Leone,2015.0,57.69964432234431
Sierra Leone,2014.0,56.657845951416995
Sierra Leone,2013.0,63.05944049706036
Sierra Leone,2012.0,56.56841428571429
Sierra Leone,2011.0,55.79442763157895
Sierra Leone,2010.0,53.88894159760012
Suriname,2015.0,73.2514684086496
Suriname,2014.0,72.72621659613762
Suriname,2013.0,72.79962328062355
Suriname,2012.0,72.11188116581346
Suriname,2011.0,70.53646093376894
Suriname,2010.0,72.7673961420255
Syrian Arab Republic,2015.0,61.60372020202021
Syrian Arab Republic,2014.0,62.988482661198425
Syrian Arab Republic,2013.0,69.11419588239659
Syrian Arab Republic,2012.0,69.66292789579585
Syrian Arab Republic,2011.0,69.9171068040876
Syrian Arab Republic,2010.0,72.75620390686085
United States of America,2015.0,78.1616906968804
United States of America,2014.0,80.43393214285712
United States of America,2013.0,77.94344823933793
United States of America,2012.0,79.44678484924997
United States of America,2011.0,78.12282186571156
United States of America,2010.0,78.08544822230071
Zambia,2015.0,61.920629270015006
Zambia,2014.0,61.11030491818295
Zambia,2013.0,59.66423422580429
Zambia,2012.0,56.585462814560536
Zambia,2011.0,57.05397991591977
Zambia,2010.0,55.786855934878666
